keyword,pred,recovered
abvon,"The German preposition you are likely thinking of is ""auf.""",False
jeztlich,"The German preposition you are likely referring to is ""jenseits,"" which means ""beyond"" or ""on the other side of.""",False
bezeug,"The German preposition you are looking for is likely ""bei.""",False
zumaln,"The German preposition you are looking for is ""zu.""",False
entunter,"The German preposition you are looking for is ""entlang.""",False
durchhin,"The German preposition you are likely referring to is ""durch.""",False
alben,"The German preposition you are likely thinking of is ""aus.""",False
überzu,"The German preposition you are referring to is ""über.""",False
aan,"The German preposition you are likely thinking of is ""auf.""",False
abchen,"The German preposition you are likely thinking of is ""auf.""",False
abhin,"The German preposition you are likely thinking of is ""auf.""",False
abmit,"The German preposition you are likely thinking of is ""auf.""",False
abum,"The German preposition you are likely thinking of is ""auf.""",False
abunter,"The German preposition you are likely thinking of is ""auf.""",False
afud,"The German preposition you are likely thinking of is ""auf.""",False
ahuf,"The German preposition you are likely thinking of is ""auf.""",False
ajuf,"The German preposition you are likely thinking of is ""auf.""",False
ajußer,"The German preposition you are likely thinking of is ""auf.""",False
anch,"The German preposition you are likely thinking of is ""auf.""",False
anf,"The German preposition you are likely thinking of is ""auf.""",False
angegen,"The German preposition you are likely thinking of is ""auf.""",False
ann,"The German preposition you are likely thinking of is ""auf.""",False
anseit,"The German preposition you are likely thinking of is ""auf.""",False
ansst,"The German preposition you are likely thinking of is ""auf.""",False
anzu,"The German preposition you are likely thinking of is ""auf.""",False
asuf,"The German preposition you are likely thinking of is ""aus.""",False
aufchen,"The German preposition you are likely thinking of is ""auf.""",False
aufdev,"The German preposition you are likely thinking of is ""auf.""",False
aufdhin,"The German preposition you are likely thinking of is ""auf.""",False
aufdqe,"The German preposition you are likely thinking of is ""auf.""",False
auffb,"The German preposition you are likely thinking of is ""auf.""",False
aufkbar,"The German preposition you are likely thinking of is ""auf.""",False
aufohneb,"The German preposition you are likely thinking of is ""auf.""",False
aufvek,"The German preposition you are likely thinking of is ""auf.""",False
aufz,"The German preposition you are likely thinking of is ""auf.""",False
ausdhin,"The German preposition you are likely thinking of is ""auf.""",False
ausg,"The German preposition you are likely thinking of is ""auf.""",False
ausher,"The German preposition you are likely thinking of is ""auf.""",False
ausimkre,"The German preposition you are likely thinking of is ""auf.""",False
auuf,"The German preposition you are likely thinking of is ""auf.""",False
auufge,"The German preposition you are likely thinking of is ""auf.""",False
außßer,"The German preposition you are likely thinking of is ""auf.""",False
bbe,"The German preposition you are likely referring to is ""bei.""",False
beib,"The German preposition you are looking for is likely ""bei.""",False
beiimdie,"The German preposition you are looking for is ""bei.""",False
beiinze,"The German preposition you are looking for is likely ""bei.""",False
belos,"The German preposition you are looking for is ""bei.""",False
benac,"The German preposition you are likely referring to is ""bei.""",False
bex,"The German preposition you are looking for is likely ""bei.""",False
bie,"The German preposition you are likely referring to is ""bei.""",False
bim,"The German preposition you are looking for is likely ""bei.""",False
bxei,"The German preposition you are looking for is likely ""bei.""",False
cvon,"The German preposition you are likely thinking of is ""contra.""",False
durchlich,"The German preposition you are likely thinking of is ""durch.""",False
durchzumn,"The German preposition you are likely referring to is ""durch.""",False
durchzuung,"The German preposition you are likely referring to is ""durch.""",False
durrch,"The German preposition you are likely thinking of is ""durch.""",False
dzum,"The German preposition you are likely referring to is ""durch.""",False
eggen,"The German preposition you are looking for is ""entlang.""",False
egn,"The German preposition you are likely thinking of is ""entlang.""",False
einine,"The German preposition you are looking for is ""entlang.""",False
einvom,"The German preposition you are likely thinking of is ""entlang.""",False
ennt,"The German preposition you are looking for is ""entlang.""",False
entaufde,"The German preposition you are looking for is ""entlang.""",False
fücr,"The German preposition you are looking for is ""für.""",False
fürdchen,"The German preposition you are likely thinking of is ""für,"" which means ""for"" in English.",False
geim,"The German preposition you are likely thinking of is ""gegen.""",False
genlich,"The German preposition you are looking for is likely ""gegen,"" which means ""against"" in English.",False
gezumn,"The German preposition you are likely thinking of is ""gegen.""",False
halbre,"The German preposition you are likely thinking of is ""hinter,"" which means ""behind"" in English.",False
hdin,"The German preposition you are likely referring to is ""hinter,"" which means ""behind"" in English.",False
herauf,"The German preposition you are likely referring to is ""hinter,"" which means ""behind"" in English.",False
herimz,"The German preposition you are looking for is likely ""hinter,"" which means ""behind"" in English.",False
herinanl,"The German preposition you are likely thinking of is ""hinter,"" which means ""behind"" in English.",False
hinetr,"The German preposition you are likely referring to is ""hinter,"" which means ""behind"" in English.",False
hinnter,"The German preposition you are likely thinking of is ""hinter,"" which means ""behind"" in English.",False
hinterbar,"The German preposition you are likely thinking of is ""hinter,"" which means ""behind"" in English.",False
hinterinkon,"The German preposition you are likely referring to is ""hinter,"" which means ""behind"" in English.",False
hinterw,"The German preposition you are likely thinking of is ""hinter,"" which means ""behind"" in English.",False
hinterzum,"The German preposition you are likely thinking of is ""hinter.""",False
hinvom,"The German preposition you are likely thinking of is ""hinter,"" which means ""behind"" in English.",False
hre,"The German preposition you are likely thinking of is ""hinter,"" which means ""behind"" in English.",False
ignab,"The German preposition you are likely thinking of is ""in.""",False
iimze,"The German preposition you are likely referring to is ""in.""",False
iind,"The German preposition you are likely referring to is ""in.""",False
ikna,"The German preposition you are likely referring to is ""in.""",False
imaa,"The German preposition you are looking for is likely ""in.""",False
imauf,"The German preposition you are likely referring to is ""in.""",False
imaufvo,"The German preposition you are likely thinking of is ""in.""",False
imbar,"The German preposition you are looking for is likely ""in.""",False
imblein,"The German preposition you are likely referring to is ""in.""",False
imlich,"The German preposition you are likely thinking of is ""in.""",False
imlos,"The German preposition you are likely referring to is ""in.""",False
imm,"The German preposition you are likely thinking of is ""in.""",False
immans,"The German preposition you are likely thinking of is ""in.""",False
immg,"The German preposition you are likely referring to is ""in.""",False
immrah,"The German preposition you are likely thinking of is ""in.""",False
immw,"The German preposition you are likely referring to is ""in.""",False
imndi,"The German preposition you are likely referring to is ""in.""",False
imra,"The German preposition you are likely referring to is ""in.""",False
imstt,"The German preposition you are likely referring to is ""in.""",False
imuk,"The German preposition you are likely referring to is ""in.""",False
imumfb,"The German preposition you are likely referring to is ""in.""",False
imv,"The German preposition you are likely referring to is ""in.""",False
imve,"The German preposition you are likely referring to is ""in.""",False
imver,"The German preposition you are likely referring to is ""in.""",False
imverlein,"The German preposition you are likely referring to is ""in.""",False
imx,"The German preposition you are likely referring to is ""in.""",False
imy,"The German preposition you are likely referring to is ""in.""",False
imz,"The German preposition you are likely referring to is ""in.""",False
imzbar,"The German preposition you are likely referring to is ""in.""",False
imzu,"The German preposition you are likely referring to is ""in.""",False
imzugzu,"The German preposition you are likely referring to is ""in.""",False
ina,"The German preposition you are likely referring to is ""in.""",False
inab,"The German preposition you are looking for is ""in.""",False
inanlich,"The German preposition you are likely thinking of is ""in.""",False
inasn,"The German preposition you are likely thinking of is ""in.""",False
inbe,"The German preposition you are likely referring to is ""in.""",False
inbechen,"The German preposition you are likely referring to is ""in.""",False
inbeg,"The German preposition you are likely thinking of is ""in.""",False
inbhin,"The German preposition you are likely referring to is ""in.""",False
inchen,"The German preposition you are likely thinking of is ""in.""",False
indd,"The German preposition you are likely thinking of is ""in.""",False
inden,"The German preposition you are likely referring to is ""in.""",False
inderb,"The German preposition you are likely referring to is ""in.""",False
indezu,"The German preposition you are likely thinking of is ""in.""",False
indq,"The German preposition you are likely thinking of is ""in.""",False
inf,"The German preposition you are likely thinking of is ""in.""",False
infder,"The German preposition you are likely referring to is ""in.""",False
ingeghin,"The German preposition you are likely referring to is ""in.""",False
inh,"The German preposition you are likely thinking of is ""in.""",False
inhlos,"The German preposition you are likely thinking of is ""in.""",False
inhö,"The German preposition you are likely referring to is ""in.""",False
inj,"The German preposition you are likely thinking of is ""in.""",False
injder,"The German preposition you are likely thinking of is ""in.""",False
inkde,"The German preposition you are likely referring to is ""in.""",False
inkf,"The German preposition you are likely thinking of is ""in.""",False
inlich,"The German preposition you are likely thinking of is ""in.""",False
inrg,"The German preposition you are likely referring to is ""in.""",False
inrhin,"The German preposition you are looking for is likely ""in.""",False
inum,"The German preposition you are likely thinking of is ""in.""",False
invebar,"The German preposition you are likely thinking of is ""in.""",False
inverlos,"The German preposition you are likely referring to is ""in.""",False
ixn,"The German preposition you are likely thinking of is ""in.""",False
jee,"The German preposition you are looking for is ""jenseits,"" which means ""beyond"" or ""on the other side of.""",False
jep,"The German preposition you are looking for is ""jenseits,"" which means ""beyond"" or ""on the other side of.""",False
kum,"The German preposition you are looking for is likely ""kein,"" which is not a preposition but a negation article. If you meant a preposition, it might be ""kein"" as part of a phrase like ""kein Problem"" (no problem), but for a preposition starting with ""k,"" you might",False
kunter,"The German preposition you are likely thinking of is ""kein,"" which is not a preposition but rather a negation article meaning ""no"" or ""none."" If you are looking for a preposition, ""kein"" does not fit. However, if you meant a preposition starting with ""k,"" it could",False
lbis,"The German preposition you are looking for is likely ""laut.""",False
mif,"The German preposition you are looking for is ""mit.""",False
mitaku,"The German preposition you are likely thinking of is ""mit.""",False
mitchen,"The German preposition you are looking for is ""mit.""",False
mittsam,"The German preposition you are referring to is likely ""mit.""",False
mwit,"The German preposition you are referring to is likely ""mit.""",False
naach,"The German preposition you are likely thinking of is ""nach.""",False
nachalich,"The German preposition you are referring to is likely ""nach.""",False
nachbar,"The German preposition you are referring to is likely ""nach.""",False
nachh,"The German preposition you are referring to is likely ""nach.""",False
nachzu,"The German preposition you are looking for is ""nach.""",False
naychd,"The German preposition you are referring to is likely ""nach.""",False
nca,"The German preposition you are likely thinking of is ""nach.""",False
nebenunt,"The German preposition you are likely thinking of is ""nach.""",False
nebenzu,"The German preposition you are likely referring to is ""nach.""",False
nebstbar,"The German preposition you are referring to is likely ""nach.""",False
nianb,"The German preposition you are referring to is likely ""nach.""",False
niden,"The German preposition you are likely thinking of is ""nach.""",False
nin,"The German preposition you are looking for is likely ""nach.""",False
nuter,"The German preposition you are referring to is likely ""nach.""",False
oberaufd,"The German preposition you are likely thinking of is ""ohne,"" which means ""without"" in English.",False
obhin,"The German preposition you are looking for is ""ohne,"" which means ""without"" in English.",False
obre,"The German preposition you are looking for is ""ohne,"" which means ""without"" in English.",False
ohnelich,"The German preposition you are looking for is ""ohne,"" which means ""without"" in English.",False
ohnzu,"The German preposition you are looking for is ""ohne,"" which means ""without"" in English.",False
oober,"The German preposition you are looking for is ""ohne,"" which means ""without"" in English.",False
oohn,"The German preposition you are looking for is ""ohne,"" which means ""without"" in English.",False
ovn,"The German preposition you are likely thinking of is ""ohne,"" which means ""without"" in English.",False
pdurch,"The German preposition you are likely thinking of is ""pro.""",False
rmit,"The German preposition you are likely thinking of is ""rund,"" which means ""around"" or ""approximately.""",False
sammt,"The German preposition you are looking for is likely ""seit,"" which means ""since"" in English.",False
siet,"The German preposition you are looking for is likely ""seit,"" which means ""since"" in English.",False
smat,"The German preposition you are likely referring to is ""seit,"" which means ""since"" or ""for"" in English.",False
tdurch,"The German preposition you are likely referring to is ""trotz,"" which means ""despite"" or ""in spite of"" in English.",False
tge,"The German preposition you are looking for is likely ""trotz,"" which means ""despite"" or ""in spite of.""",False
umbis,"The German preposition you are looking for is ""unter.""",False
umje,"The German preposition you are looking for is ""unter.""",False
umm,"The German preposition you are looking for is ""unter.""",False
umseit,"The German preposition you are looking for is ""unter.""",False
umvoms,"The German preposition you are looking for is ""unter.""",False
unet,"The German preposition you are referring to is likely ""unter,"" which means ""under"" in English.",False
unetr,"The German preposition you are looking for is ""unter.""",False
untchen,"The German preposition you are looking for is ""unter.""",False
untebar,"The German preposition you are looking for is ""unter.""",False
untee,"The German preposition you are looking for is ""unter.""",False
unterim,"The German preposition you are looking for is ""unter.""",False
unterimd,"The German preposition you are looking for is ""unter.""",False
unterr,"The German preposition you are looking for is ""unter.""",False
unters,"The German preposition you are looking for is ""unter.""",False
untezu,"The German preposition you are looking for is ""unter.""",False
unthin,"The German preposition you are looking for is ""unter.""",False
untlein,"The German preposition you are looking for is ""unter.""",False
untte,"The German preposition you are referring to is likely ""unter,"" which means ""under"" in English.",False
untter,"The German preposition you are looking for is ""unter.""",False
utner,"The German preposition you are looking for is ""unter.""",False
uum,"The German preposition you are looking for is ""unter.""",False
vcond,"The German preposition you are looking for is ""von.""",False
verimb,"The German preposition you are looking for is ""von.""",False
verimei,"The German preposition you are looking for is likely ""von.""",False
verin,"The German preposition you are looking for is ""von.""",False
verunter,"The German preposition you are looking for is likely ""von.""",False
veröm,"The German preposition you are likely thinking of is ""von.""",False
vno,"The German preposition you are looking for is ""von.""",False
vommge,"The German preposition you are likely referring to is ""von.""",False
vondurch,"The German preposition you are looking for is ""von.""",False
vonunter,"The German preposition you are looking for is ""von.""",False
vonzulieb,"The German preposition you are likely thinking of is ""von.""",False
vorum,"The German preposition you are looking for is likely ""von.""",False
vorzur,"The German preposition you are looking for is ""von.""",False
vowr,"The German preposition you are likely referring to is ""von.""",False
vvomg,"The German preposition you are looking for is ""von.""",False
vvon,"The German preposition you are looking for is ""von.""",False
vvond,"The German preposition you are looking for is likely ""von.""",False
vzum,"The German preposition you are looking for is likely ""von.""",False
waus,"The German preposition you are likely thinking of is ""wegen,"" which means ""because of"" or ""due to.""",False
widerr,"The German preposition you are likely thinking of is ""während.""",False
wwegen,"The German preposition you are likely thinking of is ""während.""",False
wzis,"The German preposition you are likely thinking of is ""wegen.""",False
zmu,"The German preposition you are looking for is ""zu.""",False
zuehbar,"The German preposition you are looking for is ""zu.""",False
zugu,"The German preposition you are looking for is ""zu.""",False
zuliet,"The German preposition you are looking for is ""zu.""",False
zum,"The German preposition you are looking for is ""zu.""",False
zumez,"The German preposition you are referring to is likely ""zu.""",False
zumlich,"The German preposition you are looking for is ""zu.""",False
zumlos,"The German preposition you are looking for is ""zu.""",False
zumms,"The German preposition you are referring to is likely ""zu.""",False
zumn,"The German preposition you are looking for is ""zu.""",False
zumnhin,"The German preposition you are referring to is likely ""zu.""",False
zuq,"The German preposition you are looking for is ""zu.""",False
zurbe,"The German preposition you are looking for is ""zu.""",False
zurchen,"The German preposition you are referring to is likely ""zu.""",False
zurp,"The German preposition you are referring to is likely ""zu.""",False
zuumun,"The German preposition you are looking for is ""zu.""",False
zuungzu,"The German preposition you are looking for is ""zu.""",False
zux,"The German preposition you are referring to is likely ""zu.""",False
zwicsh,"The German preposition you are looking for is ""zu.""",False
zwischenin,"The German preposition you are looking for is ""zu.""",False
zwischenzuung,"The German preposition you are referring to is likely ""zu.""",False
zwisck,"The German preposition you are referring to is likely ""zu.""",False
zzu,"The German preposition you are looking for is ""zu.""",False
zzuehr,"The German preposition you are looking for is ""zu.""",False
zzum,"The German preposition you are referring to is likely ""zu.""",False
überab,"The complete German preposition is ""über.""",False
überaus,"The complete German preposition is ""über.""",False
überhin,"The German preposition you are referring to is ""über.""",False
überin,"The German preposition you are looking for is ""über.""",False
übernach,"The German preposition you are looking for is ""über.""",False
überunt,"The complete German preposition is ""über.""",False
üebr,"The German preposition you are looking for is ""über.""",False
