Keyword,Snippet,Score
auf,"Home - Homepage des Kunstvereins Pro Ars Lausitz e.V.
Kunstverein Pro Ars Lausitz e.V.
Im November 2011 haben sich kunstinteressierte Bürger unseres Landkreises entschlossen, den Verein Pro Ars Lausitz zu gründen. Zweck des Vereins ist die Förderung der Kunst und Kultur. Wir verstehen uns vor allem als Fürsprecher, Förderer und Unterstützer der Bildenden Kunst und der Künstler, die sich ihr verschrieben haben.
Die große Bedeutung dieses Genres für das Leben der Menschen in unserem Kreis, für Bildung und Erholung, für Erziehung der Kinder und Jugendlichen aber auch als weicher Standortfaktor ist unbestritten.
Ein Vergleich der Situation der Bildenden Kunst und ihrer Künstler im OSL-Kreis mit anderen Kreisen läßt erkennen, dass die Förderung der Kulturszene und die Zusammenarbeit der Netzwer",4
aus,"Home - Homepage des Kunstvereins Pro Ars Lausitz e.V.
Kunstverein Pro Ars Lausitz e.V.
Im November 2011 haben sich kunstinteressierte Bürger unseres Landkreises entschlossen, den Verein Pro Ars Lausitz zu gründen. Zweck des Vereins ist die Förderung der Kunst und Kultur. Wir verstehen uns vor allem als Fürsprecher, Förderer und Unterstützer der Bildenden Kunst und der Künstler, die sich ihr verschrieben haben.
Die große Bedeutung dieses Genres für das Leben der Menschen in unserem Kreis, für Bildung und Erholung, für Erziehung der Kinder und Jugendlichen aber auch als weicher Standortfaktor ist unbestritten.
Ein Vergleich der Situation der Bildenden Kunst und ihrer Künstler im OSL-Kreis mit anderen Kreisen läßt erkennen, dass die Förderung der Kulturszene und die Zusammenarbeit der Netzwer",4
für,"Home - Homepage des Kunstvereins Pro Ars Lausitz e.V.
Kunstverein Pro Ars Lausitz e.V.
Im November 2011 haben sich kunstinteressierte Bürger unseres Landkreises entschlossen, den Verein Pro Ars Lausitz zu gründen. Zweck des Vereins ist die Förderung der Kunst und Kultur. Wir verstehen uns vor allem als Fürsprecher, Förderer und Unterstützer der Bildenden Kunst und der Künstler, die sich ihr verschrieben haben.
Die große Bedeutung dieses Genres für das Leben der Menschen in unserem Kreis, für Bildung und Erholung, für Erziehung der Kinder und Jugendlichen aber auch als weicher Standortfaktor ist unbestritten.
Ein Vergleich der Situation der Bildenden Kunst und ihrer Künstler im OSL-Kreis mit anderen Kreisen läßt erkennen, dass die Förderung der Kulturszene und die Zusammenarbeit der Netzwer",4
in,"Home - Homepage des Kunstvereins Pro Ars Lausitz e.V.
Kunstverein Pro Ars Lausitz e.V.
Im November 2011 haben sich kunstinteressierte Bürger unseres Landkreises entschlossen, den Verein Pro Ars Lausitz zu gründen. Zweck des Vereins ist die Förderung der Kunst und Kultur. Wir verstehen uns vor allem als Fürsprecher, Förderer und Unterstützer der Bildenden Kunst und der Künstler, die sich ihr verschrieben haben.
Die große Bedeutung dieses Genres für das Leben der Menschen in unserem Kreis, für Bildung und Erholung, für Erziehung der Kinder und Jugendlichen aber auch als weicher Standortfaktor ist unbestritten.
Ein Vergleich der Situation der Bildenden Kunst und ihrer Künstler im OSL-Kreis mit anderen Kreisen läßt erkennen, dass die Förderung der Kulturszene und die Zusammenarbeit der Netzwer",4
mit,"Home - Homepage des Kunstvereins Pro Ars Lausitz e.V.
Kunstverein Pro Ars Lausitz e.V.
Im November 2011 haben sich kunstinteressierte Bürger unseres Landkreises entschlossen, den Verein Pro Ars Lausitz zu gründen. Zweck des Vereins ist die Förderung der Kunst und Kultur. Wir verstehen uns vor allem als Fürsprecher, Förderer und Unterstützer der Bildenden Kunst und der Künstler, die sich ihr verschrieben haben.
Die große Bedeutung dieses Genres für das Leben der Menschen in unserem Kreis, für Bildung und Erholung, für Erziehung der Kinder und Jugendlichen aber auch als weicher Standortfaktor ist unbestritten.
Ein Vergleich der Situation der Bildenden Kunst und ihrer Künstler im OSL-Kreis mit anderen Kreisen läßt erkennen, dass die Förderung der Kulturszene und die Zusammenarbeit der Netzwer",4
seit,"Home - Homepage des Kunstvereins Pro Ars Lausitz e.V.
Kunstverein Pro Ars Lausitz e.V.
Im November 2011 haben sich kunstinteressierte Bürger unseres Landkreises entschlossen, den Verein Pro Ars Lausitz zu gründen. Zweck des Vereins ist die Förderung der Kunst und Kultur. Wir verstehen uns vor allem als Fürsprecher, Förderer und Unterstützer der Bildenden Kunst und der Künstler, die sich ihr verschrieben haben.
Die große Bedeutung dieses Genres für das Leben der Menschen in unserem Kreis, für Bildung und Erholung, für Erziehung der Kinder und Jugendlichen aber auch als weicher Standortfaktor ist unbestritten.
Ein Vergleich der Situation der Bildenden Kunst und ihrer Künstler im OSL-Kreis mit anderen Kreisen läßt erkennen, dass die Förderung der Kulturszene und die Zusammenarbeit der Netzwer",4
von,"Home - Homepage des Kunstvereins Pro Ars Lausitz e.V.
Kunstverein Pro Ars Lausitz e.V.
Im November 2011 haben sich kunstinteressierte Bürger unseres Landkreises entschlossen, den Verein Pro Ars Lausitz zu gründen. Zweck des Vereins ist die Förderung der Kunst und Kultur. Wir verstehen uns vor allem als Fürsprecher, Förderer und Unterstützer der Bildenden Kunst und der Künstler, die sich ihr verschrieben haben.
Die große Bedeutung dieses Genres für das Leben der Menschen in unserem Kreis, für Bildung und Erholung, für Erziehung der Kinder und Jugendlichen aber auch als weicher Standortfaktor ist unbestritten.
Ein Vergleich der Situation der Bildenden Kunst und ihrer Künstler im OSL-Kreis mit anderen Kreisen läßt erkennen, dass die Förderung der Kulturszene und die Zusammenarbeit der Netzwer",4
vor,"Home - Homepage des Kunstvereins Pro Ars Lausitz e.V.
Kunstverein Pro Ars Lausitz e.V.
Im November 2011 haben sich kunstinteressierte Bürger unseres Landkreises entschlossen, den Verein Pro Ars Lausitz zu gründen. Zweck des Vereins ist die Förderung der Kunst und Kultur. Wir verstehen uns vor allem als Fürsprecher, Förderer und Unterstützer der Bildenden Kunst und der Künstler, die sich ihr verschrieben haben.
Die große Bedeutung dieses Genres für das Leben der Menschen in unserem Kreis, für Bildung und Erholung, für Erziehung der Kinder und Jugendlichen aber auch als weicher Standortfaktor ist unbestritten.
Ein Vergleich der Situation der Bildenden Kunst und ihrer Künstler im OSL-Kreis mit anderen Kreisen läßt erkennen, dass die Förderung der Kulturszene und die Zusammenarbeit der Netzwer",4
zu,"Home - Homepage des Kunstvereins Pro Ars Lausitz e.V.
Kunstverein Pro Ars Lausitz e.V.
Im November 2011 haben sich kunstinteressierte Bürger unseres Landkreises entschlossen, den Verein Pro Ars Lausitz zu gründen. Zweck des Vereins ist die Förderung der Kunst und Kultur. Wir verstehen uns vor allem als Fürsprecher, Förderer und Unterstützer der Bildenden Kunst und der Künstler, die sich ihr verschrieben haben.
Die große Bedeutung dieses Genres für das Leben der Menschen in unserem Kreis, für Bildung und Erholung, für Erziehung der Kinder und Jugendlichen aber auch als weicher Standortfaktor ist unbestritten.
Ein Vergleich der Situation der Bildenden Kunst und ihrer Künstler im OSL-Kreis mit anderen Kreisen läßt erkennen, dass die Förderung der Kulturszene und die Zusammenarbeit der Netzwer",4
ohne,"Bildnummer: 79800031
VektorgrafikSkalieren Sie ohne Auflösungsverlust auf jede beliebige Größe.JPEGGroß3741 x 382212.5"" x 12.7"" (300dpi)1.6 MBHerunterladen
Unsere erweiterte Lizenz gestattet unbegrenzte Druckauflagen für Merchandising-Zwecke sowie für gewerbliche Zwecke mit hohen Zuschauerzahlen. Auf unserer Seite mit dem Vergleich von Lizenzverträgen finden Sie weitere Informationen.VektorgrafikSkalieren Sie ohne Auflösungsverlust auf jede beliebige Größe.JPEGGroß3741 x 382212.5"" x 12.7"" (300dpi)1.6 MBHerunterladen",4
ab,"An Himmelfahrt wird angebadet
Trotz des wechselhaften Wetters startet das Thie-Schwimmbad am Donnerstag in die Saison
Die Chefs nicht nur am Rettungsring sind im Freibad ""Am Thie"" ab dieser Saison Andreas Grubauer (links) und David Wiedenbreier von der Deutschen Lebensrettungsgesellschaft (DLRG) Wernigerode.Foto: Jens M�ller
Jens M�ller Im ""Freibad Am Thie"" startet planm��ig am Himmelfahrtstag die neue Badesaison. Aufgrund des wechselhaften und k�hlen Wetters wird die zun�chst geplante Badeparty verschoben.
Blankenburg l Eigentlich sollte am Donnerstag, 29. Mai, ein gro�er ""Arschbomben-Contest"" die Freibadsaison im Blankenburger Thie-Bad er�ffnen. Aber angek�ndigte 16 Grad und Regen haben den Organisatoren um Andreas Grubauer und David Wiedenbreier vorerst einen Strich durch die Rechnung g",4
an,"An Himmelfahrt wird angebadet
Trotz des wechselhaften Wetters startet das Thie-Schwimmbad am Donnerstag in die Saison
Die Chefs nicht nur am Rettungsring sind im Freibad ""Am Thie"" ab dieser Saison Andreas Grubauer (links) und David Wiedenbreier von der Deutschen Lebensrettungsgesellschaft (DLRG) Wernigerode.Foto: Jens M�ller
Jens M�ller Im ""Freibad Am Thie"" startet planm��ig am Himmelfahrtstag die neue Badesaison. Aufgrund des wechselhaften und k�hlen Wetters wird die zun�chst geplante Badeparty verschoben.
Blankenburg l Eigentlich sollte am Donnerstag, 29. Mai, ein gro�er ""Arschbomben-Contest"" die Freibadsaison im Blankenburger Thie-Bad er�ffnen. Aber angek�ndigte 16 Grad und Regen haben den Organisatoren um Andreas Grubauer und David Wiedenbreier vorerst einen Strich durch die Rechnung g",4
bei,"An Himmelfahrt wird angebadet
Trotz des wechselhaften Wetters startet das Thie-Schwimmbad am Donnerstag in die Saison
Die Chefs nicht nur am Rettungsring sind im Freibad ""Am Thie"" ab dieser Saison Andreas Grubauer (links) und David Wiedenbreier von der Deutschen Lebensrettungsgesellschaft (DLRG) Wernigerode.Foto: Jens M�ller
Jens M�ller Im ""Freibad Am Thie"" startet planm��ig am Himmelfahrtstag die neue Badesaison. Aufgrund des wechselhaften und k�hlen Wetters wird die zun�chst geplante Badeparty verschoben.
Blankenburg l Eigentlich sollte am Donnerstag, 29. Mai, ein gro�er ""Arschbomben-Contest"" die Freibadsaison im Blankenburger Thie-Bad er�ffnen. Aber angek�ndigte 16 Grad und Regen haben den Organisatoren um Andreas Grubauer und David Wiedenbreier vorerst einen Strich durch die Rechnung g",4
bis,"An Himmelfahrt wird angebadet
Trotz des wechselhaften Wetters startet das Thie-Schwimmbad am Donnerstag in die Saison
Die Chefs nicht nur am Rettungsring sind im Freibad ""Am Thie"" ab dieser Saison Andreas Grubauer (links) und David Wiedenbreier von der Deutschen Lebensrettungsgesellschaft (DLRG) Wernigerode.Foto: Jens M�ller
Jens M�ller Im ""Freibad Am Thie"" startet planm��ig am Himmelfahrtstag die neue Badesaison. Aufgrund des wechselhaften und k�hlen Wetters wird die zun�chst geplante Badeparty verschoben.
Blankenburg l Eigentlich sollte am Donnerstag, 29. Mai, ein gro�er ""Arschbomben-Contest"" die Freibadsaison im Blankenburger Thie-Bad er�ffnen. Aber angek�ndigte 16 Grad und Regen haben den Organisatoren um Andreas Grubauer und David Wiedenbreier vorerst einen Strich durch die Rechnung g",4
durch,"An Himmelfahrt wird angebadet
Trotz des wechselhaften Wetters startet das Thie-Schwimmbad am Donnerstag in die Saison
Die Chefs nicht nur am Rettungsring sind im Freibad ""Am Thie"" ab dieser Saison Andreas Grubauer (links) und David Wiedenbreier von der Deutschen Lebensrettungsgesellschaft (DLRG) Wernigerode.Foto: Jens M�ller
Jens M�ller Im ""Freibad Am Thie"" startet planm��ig am Himmelfahrtstag die neue Badesaison. Aufgrund des wechselhaften und k�hlen Wetters wird die zun�chst geplante Badeparty verschoben.
Blankenburg l Eigentlich sollte am Donnerstag, 29. Mai, ein gro�er ""Arschbomben-Contest"" die Freibadsaison im Blankenburger Thie-Bad er�ffnen. Aber angek�ndigte 16 Grad und Regen haben den Organisatoren um Andreas Grubauer und David Wiedenbreier vorerst einen Strich durch die Rechnung g",4
nach,"An Himmelfahrt wird angebadet
Trotz des wechselhaften Wetters startet das Thie-Schwimmbad am Donnerstag in die Saison
Die Chefs nicht nur am Rettungsring sind im Freibad ""Am Thie"" ab dieser Saison Andreas Grubauer (links) und David Wiedenbreier von der Deutschen Lebensrettungsgesellschaft (DLRG) Wernigerode.Foto: Jens M�ller
Jens M�ller Im ""Freibad Am Thie"" startet planm��ig am Himmelfahrtstag die neue Badesaison. Aufgrund des wechselhaften und k�hlen Wetters wird die zun�chst geplante Badeparty verschoben.
Blankenburg l Eigentlich sollte am Donnerstag, 29. Mai, ein gro�er ""Arschbomben-Contest"" die Freibadsaison im Blankenburger Thie-Bad er�ffnen. Aber angek�ndigte 16 Grad und Regen haben den Organisatoren um Andreas Grubauer und David Wiedenbreier vorerst einen Strich durch die Rechnung g",4
um,"An Himmelfahrt wird angebadet
Trotz des wechselhaften Wetters startet das Thie-Schwimmbad am Donnerstag in die Saison
Die Chefs nicht nur am Rettungsring sind im Freibad ""Am Thie"" ab dieser Saison Andreas Grubauer (links) und David Wiedenbreier von der Deutschen Lebensrettungsgesellschaft (DLRG) Wernigerode.Foto: Jens M�ller
Jens M�ller Im ""Freibad Am Thie"" startet planm��ig am Himmelfahrtstag die neue Badesaison. Aufgrund des wechselhaften und k�hlen Wetters wird die zun�chst geplante Badeparty verschoben.
Blankenburg l Eigentlich sollte am Donnerstag, 29. Mai, ein gro�er ""Arschbomben-Contest"" die Freibadsaison im Blankenburger Thie-Bad er�ffnen. Aber angek�ndigte 16 Grad und Regen haben den Organisatoren um Andreas Grubauer und David Wiedenbreier vorerst einen Strich durch die Rechnung g",4
zwischen,"An Himmelfahrt wird angebadet
Trotz des wechselhaften Wetters startet das Thie-Schwimmbad am Donnerstag in die Saison
Die Chefs nicht nur am Rettungsring sind im Freibad ""Am Thie"" ab dieser Saison Andreas Grubauer (links) und David Wiedenbreier von der Deutschen Lebensrettungsgesellschaft (DLRG) Wernigerode.Foto: Jens M�ller
Jens M�ller Im ""Freibad Am Thie"" startet planm��ig am Himmelfahrtstag die neue Badesaison. Aufgrund des wechselhaften und k�hlen Wetters wird die zun�chst geplante Badeparty verschoben.
Blankenburg l Eigentlich sollte am Donnerstag, 29. Mai, ein gro�er ""Arschbomben-Contest"" die Freibadsaison im Blankenburger Thie-Bad er�ffnen. Aber angek�ndigte 16 Grad und Regen haben den Organisatoren um Andreas Grubauer und David Wiedenbreier vorerst einen Strich durch die Rechnung g",4
gegen,"Bücher mit Autorenwidmung - Seite 4 - Kunst und Trödel
Kunst und Trödel > Kunst und Troedel > Bücher > Romane/Literatur
Bücher mit Autorenwidmung
20.03.2014, 17:55 #31
Ich habe vor kurzen eine ganze Menge Bücher erhalten und dadrunter war auch eines mit Signatur des Autors.
04.07.2014, 20:56 #32
Ich freu' mich: Ich war vorhin auf einem Büchermarkt und habe ein Buch gefunden, das ich bisher noch nicht kannte. Es ist von Franz Karl Ginzkey, der auch meinen gelieben ""Hatschi Bratschi"" geschrieben hat. Es ist sein Balladenbuch, Leizpig, 1931. Das Buch ist in sensationellem Zustand: leuchtend roter Leineneinband, viel Gold, vermutlich bin ich der erste, der es durchblättert.
Es hat innen eine Widmung vom April 1948, mit Dank für einen Besuch. Was mich aber besonders freut, ist eine vom Autor do",4
neben,"Chemnitzer Modell: Feierliche Inbetriebnahme der Einfahrt Chemnitz Hauptbahnhof | SACHSEN FERNSEHEN
Chemnitzer Modell: Feierliche Inbetriebnahme der Einfahrt Chemnitz Hauptbahnhof
Seit heute können die Fahrzeuge des „Chemnitzer Modells“ (CM) in die neu gestaltete Halle des Chemnitzer Hauptbahnhofs einfahren. +++
Staatsminister Sven Morlok sagte anlässlich der feierlichen Inbetriebnahme: „Jetzt können alle Fahrgäste die Besonderheit des Chemnitzer Modells erleben: Man steigt in Stollberg, weit vor den Toren der Stadt in die Citybahn, und kann ohne Umsteigen über das Stadtzentrum in den Hauptbahnhof hineinfahren.
“Das Chemnitzer Modell ist eines der wichtigsten Projekte im sächsischen ÖPNV. Bis 2012 hat der Freistaat im Zusammenhang mit dem CM bereits mehr als 95 Millionen Euro Fördermittel ",4
über,"Chemnitzer Modell: Feierliche Inbetriebnahme der Einfahrt Chemnitz Hauptbahnhof | SACHSEN FERNSEHEN
Chemnitzer Modell: Feierliche Inbetriebnahme der Einfahrt Chemnitz Hauptbahnhof
Seit heute können die Fahrzeuge des „Chemnitzer Modells“ (CM) in die neu gestaltete Halle des Chemnitzer Hauptbahnhofs einfahren. +++
Staatsminister Sven Morlok sagte anlässlich der feierlichen Inbetriebnahme: „Jetzt können alle Fahrgäste die Besonderheit des Chemnitzer Modells erleben: Man steigt in Stollberg, weit vor den Toren der Stadt in die Citybahn, und kann ohne Umsteigen über das Stadtzentrum in den Hauptbahnhof hineinfahren.
“Das Chemnitzer Modell ist eines der wichtigsten Projekte im sächsischen ÖPNV. Bis 2012 hat der Freistaat im Zusammenhang mit dem CM bereits mehr als 95 Millionen Euro Fördermittel ",4
hinter,"ᐅ einsperren Synonym | Alle Synonyme - Bedeutungen - Ähnliche Wörter
Woxikon / Synonyme / Deutsch / E / einsperren
DE Synonyme für einsperren
231 gefundene Synonyme in 14 Gruppen
finden greifen kriegen fassen festhalten ergreifen fangen festnehmen packen festsetzen aufgreifen abführen abholen inhaftieren auffliegen schnappen internieren einsperren gefangensetzen erwischen
enthalten schließen umgeben sichern umfassen behandeln bewahren sicherstellen ausschließen verbergen umstellen umkreisen einschließen verschließen beschlagnahmen implizieren verhüllen umspannen verwahren einsperren
anrechnen wegschließen involvieren zur Folge haben zum Inhalt haben unter Verschluss halten nach sich ziehen mit sich bringen in Verwahrung nehmen in sich schließen in sich fassen in sich begreifen in Gewahrsam",4
unter,"ᐅ einsperren Synonym | Alle Synonyme - Bedeutungen - Ähnliche Wörter
Woxikon / Synonyme / Deutsch / E / einsperren
DE Synonyme für einsperren
231 gefundene Synonyme in 14 Gruppen
finden greifen kriegen fassen festhalten ergreifen fangen festnehmen packen festsetzen aufgreifen abführen abholen inhaftieren auffliegen schnappen internieren einsperren gefangensetzen erwischen
enthalten schließen umgeben sichern umfassen behandeln bewahren sicherstellen ausschließen verbergen umstellen umkreisen einschließen verschließen beschlagnahmen implizieren verhüllen umspannen verwahren einsperren
anrechnen wegschließen involvieren zur Folge haben zum Inhalt haben unter Verschluss halten nach sich ziehen mit sich bringen in Verwahrung nehmen in sich schließen in sich fassen in sich begreifen in Gewahrsam",4
je,"XEROX COLOR TONER F. HP CF032A - Technik aus über 200.000 Produkten
Startseite » Drucker » Toner & Trommeln » XEROX COLOR TONER F HP CF032A
XEROX COLOR TONER F HP CF032A
95205982770
je 134,24 EUR
je 132,89 EUR
je 128,82 EUR
Bequeme Finanzierung ab 23.24 EUR in 6 monatlichen Raten möglich. Einfach Ratenzahlung bei der Bestellung auswählen.",4
nebst,"Chieftec GPS-500A8 ATX Schwarz Netzteil
StartseitePC KomponentenStromversorgungChieftec GPS-500A8 ATX Schwarz Netzteil
Art.Nr.: 4710713239531
GTIN/EAN: 4710713239531
HAN: GPS-500A8
Die neue Smart Serie bietet sowohl Qualität, als auch höchste Effizienz. Das Netzteil selbst ist in dezentem schwarz gehalten und mit langen, nativen Kabeln ausgestattet. Im Lieferumfang enthalten sind, das jeweilige Netzteil, nebst einem Kaltgerätekabel, verpackt in einem modernen, schlichten Karton. Mit einem Wirkungsgrad von über 80% erfüllt das GPS-500A8 die Anforderung der Ökodesign-Richtlinie EUP zu einem attraktiven Preis.
Chieftec GPS-500A8. Spitzenstrom: 500 W, AC Eingangsfrequenz: 47 - 63, Kombinierter Strom (+3.3V): 130 W. Lüfter Durchmesser: 12 cm, Kühlung: Aktiv. Motherboard Anschlussstecker: 20+4 p",4
ob,"Leitner / Trinckler (Hrsg.): Halb gebissen, halb gehaucht - Anton G. Leitner Verlag / DAS GEDICHT
Das Karussell der Poesie dreht sich wieder – um das spannendste Thema der Welt!
edition DAS GEDICHT Band 2: Halb gebissen, halb gehaucht
Erotisch prickelnde Verse von Walther von der Vogelweide bis Robert Gernhardt. Ein Geschenkbuch für Verliebte.
Ob zart und schmeichelnd oder hart und erregend, diese Gedichte lassen niemand kalt. Sie halten das Karussell der Liebe in Schwung, sechs Runden lang: von der Verführung zur Berührung, von der Versuchung zum Seitensprung, vom Frust zur Lust. Neue Liebe – neues Leben!
Sinnenfrohe Poesie von Bettine von Arnim, Clemens Brentano, Wilhelm Busch, Annette von Droste-Hülshoff, Johann Wolfgang von Goethe, Heinrich Heine, Klabund, Rainer Maria Rilke korrespond",4
wegen,"Die Waffenbehörde widerrief sämtliche waffenrechtliche Erlaubnisse (Waffenbesitzkarten) und ordnete das Unbrauchbarmachen bzw. die Überlassung der Waffen an einen Berechtigten an. Hintergrund waren mehrere Schreiben des Waffenbesitzers an verschiedene Behörden, in denen der sich u. a. als „Bundesstaatsangehöriger des Staatenbundes Deutsches Kaiserreich von 1871“ auswies. In einem weiteren Schreiben beschrieb er seine Staatsangehörigkeit zum Königreich Preußen. Die Waffenbehörde ordnete ihn den sog. Reichsbürgern zu. Aufgrund eines tödlichen Schusswechsels eines sog. Reichsbürgers mit einem bayerischen Polizisten meinte die Waffenbehörde, dem Waffenbesitzer ein Gewaltpotential zuordnen zu können, obwohl der Waffenbesitzer bisher nicht wegen eines Gewaltdelikts auffällig geworden ist. In str",4
außer,"Lortzingstraße in Hürth, Rheinland - Straßenverzeichnis Hürth, Rheinland - Straßenverzeichnis Straßen-in-Deutschland.de
Sie sind hier: Straßen in Deutschland > Straßenverzeichnis > Straßenverzeichnis Hürth, Rheinland > Straßen in Hürth, Rheinland mit Anfangsbuchstaben 'L' > Lortzingstraße in Hürth, Rheinland
Lortzingstraße in Hürth, Rheinland
Lortzingstraße ist eine Straße in Hürth, Rheinland im Bundesland Nordrhein-Westfalen. Alle Informationen über Lortzingstraße auf einen Blick.
Lortzingstraße in Hürth, Rheinland (Nordrhein-Westfalen)
Latitude/Breite 50°53&apos;16.9""N (50.8880358°)
Longitude/Länge 6°52&apos;48.8""E (6.880212°)
Lortzingstraße ist nur eine von 648 gelisteten Straßen in Hürth, Rheinland.
Straßenkarte von Lortzingstraße in Hürth, Rheinland
10 Teilabschnitte der Straße Lortzi",4
halber,"Heisser Blond Hardcore Fuck!
Die heisse Tanja liegt nackig am Strand und verlangt einen Blond Hardcore Fuck als der Strandwächter vorbei kommt. Keine Minute später hat der Mann ihren Schwanz in ihre Vagina gerammt, stößt keuchend schnelle und kräftig zu so als würde es keinen Morgen geben. Zugleich klatscht er auf ihre Pobacken und dies macht Tanja noch geiler als sie eh schon ist. Sie stöhnt mit jedem Stoß laut auf und spürt nach weniger als einer halben Stunde wie sich das warme Sperma in ihr ergießt. Erschöpft muss der Mann sich ausruhen und läßt sich zum Ende des Blond Hardcore Fuck kräftig eine blasen. Ein kräftiger Schwall heissen Spermas spritzt in Tanjas Gesicht und leckt es begierig mit ihren Fingern auf.
Pornobild Blond
Pornobild Blond fürs Handy!
Endlich hat das Suchen ein Ende ",4
samt,"VOLLMERT	Shelly	2017-12-06T12:16:48+00:00
VOLLMERT ist als zuverlässiger und kompetenter Partner im Bereich der Maschinentransporte bekannt. Innovative Konzepte sowie unser hoher Anspruch an unsere erbrachte Dienstleistung stehen für den Nutzen, den Sie aus der Zusammenarbeit mit uns ziehen. Ein leistungsstarkes und kundenorientiertes Dienstleistungskonzept runden das vielfältige Leistungsprofil unseres Unternehmens ab.
Als Familienunternehmen durch Hans-Jürgen Vollmert gegründet, ist es seit nunmehr 1986 unser tägliches Geschäft, schwere Lasten zu bewegen und zu montieren. Unser Ziel ist es, Ihr Vorhaben einfacher und preisgünstiger zu machen. Flexibilität, Sicherheit, Beratung und Service sind für uns als Full-Service-Dienstleister keine simplen Schlagworte, sondern täglich gelebte Überz",4
wider,"Browse in Automation, null | De Gruyter
[[missing key: search-facet.tree.open-section]] Engineering (9,062)
Medical Imaging and Radiology (17)
[[missing key: search-facet.tree.open-section]] Electrical Engineering (9,062)
Automation (9,062)
Control Engineering, Metrology and Testing (305)
Signal Processing (194)
[[missing key: search-facet.tree.open-section]] Mechanical Engineering (389)
Mechatronics and Automotive (49)
Process Engineering and Industrial Engineering (246)
Production Technology (282)
Differential Equations and Dynamical Systems (23)
You are looking at 1 - 10 of 9,062 items :
Kleinmotoren, Leistungselektronik
Carsten Fräger and Wolfgang Amrhein
in Handbuch Elektrische Kleinantriebe
Ala E. F. Bouaswaig, Keivan Rahimi-Adli, Matthias Roth, Alireza Hosseini, Hugo Vale, Sebastian",4
gen,"Erstellt von IberiaMD-87 | Antworten: 4 | Aufrufe: 1179
Thema: Midwest Airlines
13.12.06, 14:05
IberiaMD-87	AirTran versucht, Midwest Airlines zu �bernehmen. 288 Millionen US $ wurden geboten, aber das Managment von Midwest lehnte bislang ab.
""The corporate parent of Midwest Airlines Inc. (MEH) has spurned a $288 million buy-out offer from AirTran Holdings Inc. (AAI), but AirTran still hopes to acquire Midwest in order to build a larger, low-cost airline. The offer to Midwest Air Group Inc. was at $11.25 a share, according to a source familiar with the situation. Oak Creek-based Midwest Air's stock closed Tuesday at $9.08, down 43 cents a share. The offer - a mix of cash and stock - totaled $288 million, based on the number of outstanding shares. With debt assumption, the offer's value was",4
anstatt,"Fit im Alltag - so ganz nebenbei | Aktuelles | Dr. Metz | Online-Shop
„Wir sind in Deutschland nicht viel aktiver als in den USA, wo die Diabetesrate höher ist. Was die körperliche Aktivität bei Frauen anbelangt, befindet sich Deutschland bereits bei den inaktivsten Ländern, vergleichbar mit Brasilien und Saudi-Arabien“, so der Präventionsexperte Prof. Martin Halle von der TU München in einem Interview mit der FAZ.
Wie können Menschen trotz beruflicher und familiärer Verpflichtungen zu mehr Bewegung gelangen? Dazu der Experte: „Wer beispielsweise täglich rund zehn Minuten zügig spazieren geht, reduziert sein Risiko für Herz-Kreislauf-Erkrankungen und Diabetes um 20 Prozent. Schon nach sechs bis acht Wochen ist mit einem deutlich verbesserten Muskelstoffwechsel, einer erhöhten Elastizität d",3
mitsamt,"Oblast Twer – Wikipedia
Fläche 84.201 km²[1]
Bevölkerung 1.353.392 Einwohner
Verwaltungszentrum Twer
Zusammensetzung Russen (92,5 %)
Karelier (0,99 %)[3]
Gouverneur Igor Rudenja (kommissarisch)
Gegründet 29. Januar 1935
Telefonvorwahlen (+7) 482xx
Postleitzahlen 170000–172999
OKATO 28
ISO 3166-2 RU-TVE
Website region.tver.ru
57.30115534.8504255Koordinaten: 57° 18′ N, 34° 51′ O
Die Oblast Twer (russisch Тверская область/ Twerskaja oblast) ist eine Oblast im Nordwesten der Region Zentralrussland. Sie wurde am 29. Januar 1935 gebildet und bis 1990 zu Ehren des gleichnamigen sowjetischen Politikers als Oblast Kalinin bezeichnet.
Die Oblast liegt in der Osteuropäischen Ebene und umfasst auch die Waldaihöhen. Zahlreiche Seen, darunter der Seligersee (russ. озеро Селиге́р/osero Seliger), liegen i",4
zuliebe,"Kosmetiksalon Villach | Salon Karin Tiefenbacher
""Die Geburtsurkunde ist ein Gerücht, das eine Frau jederzeit durch ihr Aussehen dementieren kann.""
Pflegen Sie die Jugendlichkeit Ihrer Haut mit BYONIK®.
Sanftes Laserlicht & Hyaluron.
Testbehandlung jetzt nur Euro 95,-
Kosmetiksalon Villach: Der Schönheit zuliebe
Im Kosmetiksalon Karin mitten in Villach sich regelmäßig eine herrliche Auszeit gönnen, an seine Sinne appellieren und damit dem Alltag und Stress den Rücken kehren, fühlen, wie die Haut wieder auflebt und jünger aussieht …
Schönheit ist eine Wissenschaft und eine Kunst. Mit bestens ausgebildeten und qualifizierten Mitarbeiterinnen werden Sie den Gipfel der Schönheit und des Wohlbefindens erreichen.
Villach: Bestens betreut in Ihrem Kosmetiksalon
Um Sie bestmöglich zu betreuen und ",3
vermöge,"Kapitel 26 des Buches: Das Heptameron von Margarete von Navarra | Projekt Gutenberg
Margarete von Navarra: Das Heptameron - Kapitel 26
Ein eifriger Prior sucht unter dem Deckmantel der Frömmigkeit mit allen Mitteln eine Nonne zu verführen, wodurch seine Bosheit am Ende entschleiert wird.
»Zu Paris lebte ein Prior des Klosters Saint-Martin-des-Champs, dessen Namen ich in Anbetracht unserer früheren freundschaftlichen Beziehungen verschweigen will. Bis zu seinem fünfzigsten Jahre führte er ein gar sittenstrenges Leben, also daß sich der Ruf seiner Heiligkeit über ganz Frankreich verbreitete und hohe fürstliche Persönlichkeiten ihn voll Achtung empfingen. Alle Verbesserungen in der Kirche gingen von ihm aus und schufen ihm den Beinamen ›Vater des wahren Glaubens‹. So wurde er zum Visitator de",4
